scenario,metric,n_features,n_samples,eps,min_samples,implementation,seconds,memory_mb,n_clusters,noise_rate,ari_vs_sklearn
euclidea_2d,euclidean,2,500,0.43974664265227964,5,ours_brute,0.007261676000780426,1.98046875,6,0.226,1.0
euclidea_2d,euclidean,2,500,0.43974664265227964,5,sklearn_brute,0.002898884000387625,0.64453125,6,0.226,1.0
euclidea_2d,euclidean,2,500,0.43974664265227964,5,sklearn_kd_tree,0.001297975999477785,0.07421875,6,0.226,1.0
euclidea_2d,euclidean,2,500,0.43974664265227964,5,sklearn_ball_tree,0.0010357299997849623,0.08203125,6,0.226,1.0
euclidea_2d,euclidean,2,500,0.43974664265227964,5,dbscan_python,0.0006624229990848107,0.30859375,6,0.226,0.9922696628369818
euclidea_2d,euclidean,2,500,0.43974664265227964,5,mlpack_kd_tree,0.000665462999677402,0.1328125,6,0.226,0.9979137689385311
euclidea_2d,euclidean,2,500,0.43974664265227964,5,mlpack_brute,0.002633497000715579,0.05859375,6,0.226,0.9979137689385311
euclidea_2d,euclidean,2,1000,0.43974664265227964,5,ours_brute,0.026069416000609635,8.0234375,5,0.096,1.0
euclidea_2d,euclidean,2,1000,0.43974664265227964,5,sklearn_brute,0.009928773000865476,2.1484375,5,0.096,1.0
euclidea_2d,euclidean,2,1000,0.43974664265227964,5,sklearn_kd_tree,0.0022514829997817287,0.296875,5,0.096,1.0
euclidea_2d,euclidean,2,1000,0.43974664265227964,5,sklearn_ball_tree,0.0017947840005945181,0.29296875,5,0.096,1.0
euclidea_2d,euclidean,2,1000,0.43974664265227964,5,dbscan_python,0.0017459090013289824,0.8203125,5,0.096,1.0
euclidea_2d,euclidean,2,1000,0.43974664265227964,5,mlpack_kd_tree,0.0014018689998920308,0.53125,5,0.096,1.0
euclidea_2d,euclidean,2,1000,0.43974664265227964,5,mlpack_brute,0.0051766209999186685,0.28125,5,0.096,1.0
euclidea_2d,euclidean,2,2000,0.43974664265227964,5,ours_brute,0.08402863300034369,31.85546875,3,0.031,1.0
euclidea_2d,euclidean,2,2000,0.43974664265227964,5,sklearn_brute,0.007228192998809391,6.4453125,3,0.031,1.0
euclidea_2d,euclidean,2,2000,0.43974664265227964,5,sklearn_kd_tree,0.0049290869992546504,0.94140625,3,0.031,1.0
euclidea_2d,euclidean,2,2000,0.43974664265227964,5,sklearn_ball_tree,0.003618417998950463,0.94921875,3,0.031,1.0
euclidea_2d,euclidean,2,2000,0.43974664265227964,5,dbscan_python,0.0016265349986497313,1.1875,3,0.031,1.0
euclidea_2d,euclidean,2,2000,0.43974664265227964,5,mlpack_kd_tree,0.0032288069996866398,1.828125,3,0.031,0.9983069366670235
euclidea_2d,euclidean,2,2000,0.43974664265227964,5,mlpack_brute,0.019856700999298482,1.02734375,3,0.031,0.9983069366670235
euclidea_2d,euclidean,2,4000,0.43974664265227964,5,ours_brute,0.33877007299997786,125.671875,3,0.014,1.0
euclidea_2d,euclidean,2,4000,0.43974664265227964,5,sklearn_brute,0.013987076001285459,13.29296875,3,0.014,1.0
euclidea_2d,euclidean,2,4000,0.43974664265227964,5,sklearn_kd_tree,0.011990240000159247,3.078125,3,0.014,1.0
euclidea_2d,euclidean,2,4000,0.43974664265227964,5,sklearn_ball_tree,0.009077608001462067,3.0703125,3,0.014,1.0
euclidea_2d,euclidean,2,4000,0.43974664265227964,5,dbscan_python,0.0020912279996991856,2.05859375,3,0.014,0.9991129105153501
euclidea_2d,euclidean,2,4000,0.43974664265227964,5,mlpack_kd_tree,0.010928671999863582,6.77734375,2,0.015,0.999937257032603
euclidea_2d,euclidean,2,4000,0.43974664265227964,5,mlpack_brute,0.07865530700109957,3.94921875,2,0.015,0.999937257032603
euclidea_2d,euclidean,2,8000,0.43974664265227964,5,ours_brute,1.2870837889986433,504.5078125,2,0.00625,1.0
euclidea_2d,euclidean,2,8000,0.43974664265227964,5,sklearn_brute,0.04101100499974564,37.4140625,2,0.00625,1.0
euclidea_2d,euclidean,2,8000,0.43974664265227964,5,sklearn_kd_tree,0.033751267999832635,12.84765625,2,0.00625,1.0
euclidea_2d,euclidean,2,8000,0.43974664265227964,5,sklearn_ball_tree,0.023197110998808057,12.82421875,2,0.00625,1.0
euclidea_2d,euclidean,2,8000,0.43974664265227964,5,dbscan_python,0.0024624399993626866,3.5859375,2,0.00625,1.0
euclidea_2d,euclidean,2,8000,0.43974664265227964,5,mlpack_kd_tree,0.027331945000696578,26.40234375,2,0.00625,1.0
euclidea_2d,euclidean,2,8000,0.43974664265227964,5,mlpack_brute,0.30884545300068567,15.4765625,2,0.00625,1.0
euclidea_2d,euclidean,2,16000,0.43974664265227964,5,ours_brute,5.471938614000464,2020.81640625,2,0.0029375,1.0
euclidea_2d,euclidean,2,16000,0.43974664265227964,5,sklearn_brute,0.0897563580001588,92.19140625,2,0.0029375,1.0
euclidea_2d,euclidean,2,16000,0.43974664265227964,5,sklearn_kd_tree,0.10026378499969724,48.09765625,2,0.0029375,1.0
euclidea_2d,euclidean,2,16000,0.43974664265227964,5,sklearn_ball_tree,0.07319579400063958,47.41015625,2,0.0029375,1.0
euclidea_2d,euclidean,2,16000,0.43974664265227964,5,dbscan_python,0.0038064750006014947,7.71484375,2,0.0029375,1.0
euclidea_2d,euclidean,2,16000,0.43974664265227964,5,mlpack_kd_tree,0.0934056080004666,102.47265625,2,0.0029375,1.0
euclidea_2d,euclidean,2,16000,0.43974664265227964,5,mlpack_brute,1.3275156540003081,60.53125,2,0.0029375,1.0
euclidea_32d,euclidean,32,500,6.3040519901718906,5,ours_brute,0.014211220001016045,2.25,5,0.198,1.0
euclidea_32d,euclidean,32,500,6.3040519901718906,5,sklearn_brute,0.007075269999404554,0.734375,5,0.198,1.0
euclidea_32d,euclidean,32,500,6.3040519901718906,5,sklearn_kd_tree,0.0056311329990421655,0.1328125,5,0.198,1.0
euclidea_32d,euclidean,32,500,6.3040519901718906,5,sklearn_ball_tree,0.00225671299995156,0.078125,5,0.198,1.0
euclidea_32d,euclidean,32,500,6.3040519901718906,5,mlpack_kd_tree,0.0020027299997309456,0.30859375,5,0.198,1.0
euclidea_32d,euclidean,32,500,6.3040519901718906,5,mlpack_brute,0.0026407220011606114,0.2421875,5,0.198,1.0
euclidea_32d,euclidean,32,1000,6.3040519901718906,5,ours_brute,0.0552679940010421,8.6015625,5,0.116,1.0
euclidea_32d,euclidean,32,1000,6.3040519901718906,5,sklearn_brute,0.007990576999873156,2.79296875,5,0.116,1.0
euclidea_32d,euclidean,32,1000,6.3040519901718906,5,sklearn_kd_tree,0.016779721998318564,0.45703125,5,0.116,1.0
euclidea_32d,euclidean,32,1000,6.3040519901718906,5,sklearn_ball_tree,0.004963281999152969,0.453125,5,0.116,1.0
euclidea_32d,euclidean,32,1000,6.3040519901718906,5,mlpack_kd_tree,0.006148001000838121,1.0546875,5,0.116,1.0
euclidea_32d,euclidean,32,1000,6.3040519901718906,5,mlpack_brute,0.009822047999477945,0.5234375,5,0.116,1.0
euclidea_32d,euclidean,32,2000,6.3040519901718906,5,ours_brute,0.2491581970007246,32.5,5,0.0565,1.0
euclidea_32d,euclidean,32,2000,6.3040519901718906,5,sklearn_brute,0.00746024500040221,6.5390625,5,0.0565,1.0
euclidea_32d,euclidean,32,2000,6.3040519901718906,5,sklearn_kd_tree,0.0527217799990467,1.0859375,5,0.0565,1.0
euclidea_32d,euclidean,32,2000,6.3040519901718906,5,sklearn_ball_tree,0.014832714001386194,1.08984375,5,0.0565,1.0
euclidea_32d,euclidean,32,2000,6.3040519901718906,5,mlpack_kd_tree,0.020800139000130002,2.359375,5,0.0565,1.0
euclidea_32d,euclidean,32,2000,6.3040519901718906,5,mlpack_brute,0.03809774900037155,1.5,5,0.0565,1.0
euclidea_32d,euclidean,32,4000,6.3040519901718906,5,ours_brute,1.0014761819984415,125.70703125,5,0.02775,1.0
euclidea_32d,euclidean,32,4000,6.3040519901718906,5,sklearn_brute,0.024356052999792155,13.16015625,5,0.02775,1.0
euclidea_32d,euclidean,32,4000,6.3040519901718906,5,sklearn_kd_tree,0.1865297139993345,2.9296875,5,0.02775,1.0
euclidea_32d,euclidean,32,4000,6.3040519901718906,5,sklearn_ball_tree,0.051933807000750676,2.87890625,5,0.02775,1.0
euclidea_32d,euclidean,32,4000,6.3040519901718906,5,mlpack_kd_tree,0.07499388799988083,7.5546875,5,0.02775,1.0
euclidea_32d,euclidean,32,4000,6.3040519901718906,5,mlpack_brute,0.15118953300043358,3.65234375,5,0.02775,1.0
euclidea_32d,euclidean,32,8000,6.3040519901718906,5,ours_brute,4.4106378619999305,499.65234375,5,0.014,1.0
euclidea_32d,euclidean,32,8000,6.3040519901718906,5,sklearn_brute,0.054798955001388094,33.1875,5,0.014,1.0
euclidea_32d,euclidean,32,8000,6.3040519901718906,5,sklearn_kd_tree,0.6846810459992412,10.16015625,5,0.014,1.0
euclidea_32d,euclidean,32,8000,6.3040519901718906,5,sklearn_ball_tree,0.22476308599834738,10.015625,5,0.014,1.0
euclidea_32d,euclidean,32,8000,6.3040519901718906,5,mlpack_kd_tree,0.3205031910001708,27.765625,5,0.014,1.0
euclidea_32d,euclidean,32,8000,6.3040519901718906,5,mlpack_brute,0.6078520179999032,17.33984375,5,0.014,1.0
euclidea_32d,euclidean,32,16000,6.3040519901718906,5,ours_brute,31.45305841299887,1983.93359375,5,0.00625,1.0
euclidea_32d,euclidean,32,16000,6.3040519901718906,5,sklearn_brute,0.13026621199969668,68.6875,5,0.00625,1.0
euclidea_32d,euclidean,32,16000,6.3040519901718906,5,sklearn_kd_tree,2.723898606998773,29.04296875,5,0.00625,1.0
euclidea_32d,euclidean,32,16000,6.3040519901718906,5,sklearn_ball_tree,0.9418627030008793,29.484375,5,0.00625,1.0
euclidea_32d,euclidean,32,16000,6.3040519901718906,5,mlpack_kd_tree,1.1457367049988534,96.14453125,5,0.00625,1.0
euclidea_32d,euclidean,32,16000,6.3040519901718906,5,mlpack_brute,2.426432685999316,57.16015625,5,0.00625,1.0
coseno_32d,cosine,32,500,0.01787292293813346,5,ours_brute,0.009530340999845066,3.12890625,7,0.296,1.0
coseno_32d,cosine,32,500,0.01787292293813346,5,sklearn_brute,0.023728819000098156,3.86328125,7,0.296,1.0
coseno_32d,cosine,32,1000,0.01787292293813346,5,ours_brute,0.02108883999972022,15.69140625,5,0.173,1.0
coseno_32d,cosine,32,1000,0.01787292293813346,5,sklearn_brute,0.017999760999373393,18.5703125,5,0.173,1.0
coseno_32d,cosine,32,2000,0.01787292293813346,5,ours_brute,0.05093376600052579,64.05859375,5,0.086,1.0
coseno_32d,cosine,32,2000,0.01787292293813346,5,sklearn_brute,0.042054481000377564,74.2421875,5,0.086,1.0
coseno_32d,cosine,32,4000,0.01787292293813346,5,ours_brute,0.14140853899880312,251.0390625,5,0.05425,1.0
coseno_32d,cosine,32,4000,0.01787292293813346,5,sklearn_brute,0.15931542099860962,293.14453125,5,0.05425,1.0
coseno_32d,cosine,32,8000,0.01787292293813346,5,ours_brute,0.44003834999966784,990.80078125,5,0.027375,1.0
coseno_32d,cosine,32,8000,0.01787292293813346,5,sklearn_brute,0.5387573179996252,1173.48046875,5,0.027375,1.0
coseno_32d,cosine,32,16000,0.01787292293813346,5,ours_brute,1.5829522170006385,3939.89453125,5,0.0139375,1.0
coseno_32d,cosine,32,16000,0.01787292293813346,5,sklearn_brute,1.5868202569999994,2464.71484375,5,0.0139375,1.0
